City_ID,City,Country,Date,Lat,Lng,Max Temp,Humidity,Cloudiness,Wind Speed,Current description
0,Vaini,TO,2021-06-03 19:39:36,-21.2,-175.2,68.0,94,40,8.95,scattered clouds
1,Butaritari,KI,2021-06-03 19:39:36,3.0707,172.7902,82.85,75,100,10.09,overcast clouds
2,Arraial Do Cabo,BR,2021-06-03 19:39:36,-22.9661,-42.0278,82.36,61,0,5.75,clear sky
3,Tibiao,PH,2021-06-03 19:39:37,11.2915,122.0354,80.78,82,100,5.64,overcast clouds
4,Castro,BR,2021-06-03 19:39:37,-24.7911,-50.0119,65.93,81,12,2.46,few clouds
5,Bluff,NZ,2021-06-03 19:35:10,-46.6,168.3333,49.8,87,99,11.61,moderate rain
6,Invermere,CA,2021-06-03 19:39:39,50.5167,-116.0354,90.27,20,3,7.58,clear sky
7,Punta Arenas,CL,2021-06-03 19:39:39,-53.15,-70.9167,37.42,93,90,12.3,light rain
8,Codrington,AU,2021-06-03 19:39:39,-38.2667,141.9667,52.83,65,55,16.22,broken clouds
9,Dunedin,NZ,2021-06-03 19:39:09,-45.8742,170.5036,46.8,80,100,1.01,overcast clouds
10,Samana,DO,2021-06-03 19:39:40,19.2056,-69.3369,88.02,70,40,9.22,scattered clouds
11,Seoul,KR,2021-06-03 19:39:19,37.5683,126.9778,56.71,94,40,2.46,scattered clouds
12,Guarapari,BR,2021-06-03 19:39:40,-20.6667,-40.4975,80.49,83,0,5.99,clear sky
13,Cherskiy,RU,2021-06-03 19:39:41,68.75,161.3,63.14,32,22,4.61,few clouds
14,Busselton,AU,2021-06-03 19:39:41,-33.65,115.3333,50.09,84,2,4.54,clear sky
15,Florianopolis,BR,2021-06-03 19:39:41,-27.6146,-48.5012,67.26,76,75,6.91,broken clouds
16,Hithadhoo,MV,2021-06-03 19:39:42,-0.6,73.0833,83.66,67,100,18.81,overcast clouds
17,Rikitea,PF,2021-06-03 19:39:42,-23.1203,-134.9692,73.11,63,94,15.37,overcast clouds
18,Torbay,CA,2021-06-03 19:39:42,47.6666,-52.7314,73.4,40,75,17.27,broken clouds
19,Nanortalik,GL,2021-06-03 19:39:43,60.1432,-45.2371,37.09,90,100,12.64,overcast clouds
20,San Patricio,US,2021-06-03 19:39:43,28.017,-97.5169,85.91,64,94,11.18,overcast clouds
21,Timra,SE,2021-06-03 19:39:44,62.487,17.3257,62.31,51,0,3.44,clear sky
22,Upernavik,GL,2021-06-03 19:39:44,72.7868,-56.1549,35.89,71,14,3.2,few clouds
23,Lalitpur,NP,2021-06-03 19:39:44,27.6667,85.3333,70.18,94,20,4.61,few clouds
24,Asyut,EG,2021-06-03 19:39:45,27.181,31.1837,82.58,19,3,16.37,clear sky
25,Fairbanks,US,2021-06-03 19:35:14,64.8378,-147.7164,66.2,36,75,4.61,broken clouds
26,Saskylakh,RU,2021-06-03 19:35:30,71.9167,114.0833,33.42,99,100,9.06,snow
27,Warrnambool,AU,2021-06-03 19:39:45,-38.3833,142.4833,48.0,91,56,17.76,broken clouds
28,Kodiak,US,2021-06-03 19:39:46,57.79,-152.4072,49.51,76,90,6.91,light rain
29,Santa Rosa,PH,2021-06-03 19:39:46,14.3122,121.1114,82.4,83,20,1.14,few clouds
30,Ushuaia,AR,2021-06-03 19:34:56,-54.8,-68.3,33.42,86,0,6.91,clear sky
31,Taicheng,CN,2021-06-03 19:39:46,38.731,113.228,50.02,37,0,3.58,clear sky
32,Lagoa,PT,2021-06-03 19:39:47,39.05,-27.9833,61.43,69,35,13.73,scattered clouds
33,Xuddur,SO,2021-06-03 19:39:47,4.1213,43.8894,75.54,67,88,19.93,overcast clouds
34,Lebu,CL,2021-06-03 19:39:47,-37.6167,-73.65,56.7,96,100,5.41,overcast clouds
35,Kurilsk,RU,2021-06-03 19:39:48,45.2333,147.8833,46.47,96,100,13.24,overcast clouds
36,Zarubino,RU,2021-06-03 19:39:48,42.63,131.0922,52.57,99,100,2.13,overcast clouds
37,Saint-Francois,FR,2021-06-03 19:39:49,46.4154,3.9054,64.99,88,70,2.3,broken clouds
38,Saint George,US,2021-06-03 19:39:34,37.1041,-113.5841,104.47,11,1,1.99,clear sky
39,Victoria,HK,2021-06-03 19:35:59,22.2855,114.1577,86.0,86,100,7.83,overcast clouds
40,Mataura,NZ,2021-06-03 19:39:49,-46.1927,168.8643,50.0,79,100,5.01,overcast clouds
41,Tasiilaq,GL,2021-06-03 19:39:49,65.6145,-37.6368,42.96,77,58,4.65,broken clouds
42,Hamilton,US,2021-06-03 19:37:35,39.1834,-84.5333,72.25,92,75,6.35,moderate rain
43,Yellowknife,CA,2021-06-03 19:35:01,62.456,-114.3525,64.92,55,75,11.5,light rain
44,Hermanus,ZA,2021-06-03 19:39:50,-34.4187,19.2345,57.9,78,100,8.59,overcast clouds
45,Mayumba,GA,2021-06-03 19:39:50,-3.432,10.6554,76.87,90,4,5.55,clear sky
46,Klaebu,NO,2021-06-03 19:39:51,63.2976,10.4826,77.0,27,0,6.91,clear sky
47,Veraval,IN,2021-06-03 19:39:51,20.9,70.3667,83.14,79,18,10.29,few clouds
48,Cape Town,ZA,2021-06-03 19:39:20,-33.9258,18.4232,58.12,85,0,2.24,clear sky
49,Avera,US,2021-06-03 19:39:51,33.194,-82.5271,87.85,56,100,4.72,overcast clouds
50,Shenkursk,RU,2021-06-03 19:39:52,62.1091,42.896,52.72,72,0,0.38,clear sky
51,Deshnok,IN,2021-06-03 19:39:52,27.7986,73.3447,88.48,37,96,9.4,overcast clouds
52,Lata,PT,2021-06-03 19:39:53,40.1629,-8.3327,58.93,77,0,7.74,clear sky
53,Erechim,BR,2021-06-03 19:35:49,-27.6342,-52.2739,66.16,76,0,3.09,clear sky
54,Makakilo City,US,2021-06-03 19:39:53,21.3469,-158.0858,82.4,57,40,9.22,scattered clouds
55,Iqaluit,CA,2021-06-03 19:39:53,63.7506,-68.5145,33.53,74,75,10.0,broken clouds
56,Qaanaaq,GL,2021-06-03 19:39:54,77.484,-69.3632,29.82,78,28,2.37,scattered clouds
57,Jamestown,US,2021-06-03 19:35:32,42.097,-79.2353,67.32,92,90,5.99,light rain
58,Kapaa,US,2021-06-03 19:36:30,22.0752,-159.319,80.58,81,75,1.99,light rain
59,Sale,MA,2021-06-03 19:39:54,34.0389,-6.8166,68.68,77,75,4.61,broken clouds
60,Mar Del Plata,AR,2021-06-03 19:36:09,-38.0023,-57.5575,55.99,58,0,11.01,light rain
61,Sitka,US,2021-06-03 19:39:55,57.0531,-135.33,51.8,71,90,5.75,moderate rain
62,Tommot,RU,2021-06-03 19:39:55,58.9564,126.2925,53.49,75,20,1.61,few clouds
63,Ancud,CL,2021-06-03 19:39:55,-41.8697,-73.8203,54.43,87,100,10.22,light rain
64,Mount Gambier,AU,2021-06-03 19:39:56,-37.8333,140.7667,48.2,87,40,8.05,scattered clouds
65,Tres Arroyos,AR,2021-06-03 19:39:56,-38.3739,-60.2798,60.69,62,99,18.1,overcast clouds
66,Kailua,US,2021-06-03 19:39:56,21.4022,-157.7394,83.07,63,75,8.05,broken clouds
67,Nikolskoye,RU,2021-06-03 19:37:02,59.7035,30.7861,66.09,76,19,5.01,few clouds
68,Andenes,NO,2021-06-03 19:39:57,69.3143,16.1194,59.0,55,0,11.5,clear sky
69,Grand Gaube,MU,2021-06-03 19:39:57,-20.0064,57.6608,74.37,73,15,8.99,light rain
70,Thompson,CA,2021-06-03 19:39:56,55.7435,-97.8558,55.4,41,75,2.3,broken clouds
71,Madanapalle,IN,2021-06-03 19:39:58,13.55,78.5,75.22,80,65,2.86,broken clouds
72,Barrow,US,2021-06-03 19:39:58,71.2906,-156.7887,30.22,86,90,19.57,light rain
73,Coahuayana,MX,2021-06-03 19:39:58,18.7333,-103.6833,82.4,65,90,11.5,overcast clouds
74,Albany,US,2021-06-03 19:37:44,42.6001,-73.9662,75.15,75,96,7.25,overcast clouds
75,Bambous Virieux,MU,2021-06-03 19:39:59,-20.3428,57.7575,74.21,83,75,16.55,light rain
76,Matara,LK,2021-06-03 19:39:59,5.9485,80.5353,78.8,89,100,11.25,overcast clouds
77,Cairns,AU,2021-06-03 19:39:59,-16.9167,145.7667,65.07,100,39,0.0,scattered clouds
78,Chumikan,RU,2021-06-03 19:40:00,54.7183,135.315,35.2,98,100,4.85,overcast clouds
79,Talnakh,RU,2021-06-03 19:40:00,69.4865,88.3972,32.52,99,100,5.59,light snow
80,Iwanai,JP,2021-06-03 19:40:00,42.9744,140.5089,61.27,80,100,12.86,overcast clouds
81,Bengkulu,ID,2021-06-03 19:40:01,-3.8004,102.2655,76.93,91,88,3.13,overcast clouds
82,Sioux Lookout,CA,2021-06-03 19:40:01,50.1001,-91.917,78.8,38,75,6.91,broken clouds
83,Sandakan,MY,2021-06-03 19:40:01,5.8402,118.1179,78.48,88,20,5.01,few clouds
84,Eureka,US,2021-06-03 19:36:37,40.8021,-124.1637,69.21,74,29,5.01,scattered clouds
85,San Cristobal,VE,2021-06-03 19:36:48,7.7669,-72.225,82.58,57,44,5.95,scattered clouds
86,Longyan,CN,2021-06-03 19:40:11,25.1072,117.0225,76.24,96,100,2.42,light rain
87,Tuscaloosa,US,2021-06-03 19:36:27,33.2098,-87.5692,85.78,67,20,10.36,few clouds
88,Esperance,AU,2021-06-03 19:40:12,-33.8667,121.9,53.44,83,0,9.35,clear sky
89,Airai,TL,2021-06-03 19:40:12,-8.9266,125.4092,57.61,91,33,2.98,scattered clouds
90,Katsuura,JP,2021-06-03 19:40:12,35.1333,140.3,72.1,88,98,20.62,overcast clouds
91,Dalbandin,PK,2021-06-03 19:40:13,28.8947,64.4101,90.09,6,0,0.94,clear sky
92,Kavieng,PG,2021-06-03 19:38:26,-2.5744,150.7967,81.41,76,100,4.29,overcast clouds
93,Rio Grande,BR,2021-06-03 19:40:04,-32.035,-52.0986,64.51,60,2,7.0,clear sky
94,Morondava,MG,2021-06-03 19:40:13,-20.2833,44.2833,70.39,87,51,9.06,broken clouds
95,Altay,CN,2021-06-03 19:40:14,47.8667,88.1167,68.5,41,24,4.76,few clouds
96,Komsomolskiy,UZ,2021-06-03 19:40:14,40.4272,71.7189,78.22,30,15,0.67,few clouds
97,Mahanoro,MG,2021-06-03 19:40:14,-19.9,48.8,68.68,88,11,4.29,few clouds
98,Henties Bay,NA,2021-06-03 19:40:15,-22.116,14.2845,72.86,46,0,6.24,clear sky
99,Kruisfontein,ZA,2021-06-03 19:40:15,-34.0033,24.7314,47.88,67,10,4.74,clear sky
100,Carnarvon,AU,2021-06-03 19:40:15,-24.8667,113.6333,51.87,93,3,8.05,clear sky
101,Hilo,US,2021-06-03 19:40:00,19.7297,-155.09,80.8,67,1,4.61,clear sky
102,Rosetta,EG,2021-06-03 19:40:16,31.4044,30.4164,69.8,68,0,6.91,clear sky
103,Atar,MR,2021-06-03 19:40:16,20.5169,-13.0499,96.12,20,92,11.88,overcast clouds
104,Kiruna,SE,2021-06-03 19:40:17,67.8557,20.2251,65.32,37,74,10.36,broken clouds
105,Severo-Kurilsk,RU,2021-06-03 19:40:17,50.6789,156.125,43.45,78,7,9.4,clear sky
106,Dordrecht,NL,2021-06-03 19:40:17,51.81,4.6736,72.05,86,97,6.11,overcast clouds
107,Aklavik,CA,2021-06-03 19:40:18,68.2191,-135.0107,48.92,81,90,5.75,overcast clouds
108,Sisimiut,GL,2021-06-03 19:40:18,66.9395,-53.6735,33.98,90,100,8.77,light rain
109,Priiskovyy,RU,2021-06-03 19:40:18,51.9333,116.6333,47.25,90,12,2.77,few clouds
110,Longyearbyen,SJ,2021-06-03 19:38:01,78.2186,15.6401,35.6,75,40,5.75,scattered clouds
111,Tuktoyaktuk,CA,2021-06-03 19:37:10,69.4541,-133.0374,44.6,70,90,12.66,overcast clouds
112,Lavrentiya,RU,2021-06-03 19:40:19,65.5833,-171.0,32.2,70,98,8.63,overcast clouds
113,Green River,US,2021-06-03 19:40:19,41.5286,-109.4662,85.19,21,3,5.75,clear sky
114,Ilulissat,GL,2021-06-03 19:40:20,69.2167,-51.1,41.0,70,40,9.22,scattered clouds
115,Talaya,RU,2021-06-03 19:40:20,61.3833,152.75,42.91,87,100,2.89,light rain
116,Puri,IN,2021-06-03 19:40:21,19.8,85.85,87.39,81,36,11.03,scattered clouds
117,Arlit,NE,2021-06-03 19:40:21,18.7369,7.3853,98.6,9,87,12.62,overcast clouds
118,Ostrovnoy,RU,2021-06-03 19:40:21,68.0531,39.5131,63.91,53,30,13.8,scattered clouds
119,Ola,RU,2021-06-03 19:40:22,59.5833,151.2833,38.89,93,100,1.36,overcast clouds
120,Kalmunai,LK,2021-06-03 19:40:22,7.4167,81.8167,79.81,84,100,6.85,overcast clouds
121,Ketchikan,US,2021-06-03 19:40:23,55.3422,-131.6461,53.6,76,90,6.91,overcast clouds
122,Tautira,PF,2021-06-03 19:40:23,-17.7333,-149.15,84.0,82,43,15.43,light rain
123,Srandakan,ID,2021-06-03 19:40:23,-7.9386,110.2506,58.73,90,100,4.16,overcast clouds
124,Tangzhai,CN,2021-06-03 19:40:24,34.4328,116.5911,62.74,51,0,8.46,clear sky
125,Te Anau,NZ,2021-06-03 19:40:24,-45.4167,167.7167,47.73,93,100,4.25,overcast clouds
126,Hofn,IS,2021-06-03 19:40:24,64.2539,-15.2082,48.07,83,100,6.2,overcast clouds
127,Cidreira,BR,2021-06-03 19:40:25,-30.1811,-50.2056,62.42,72,0,6.73,clear sky
128,Beringovskiy,RU,2021-06-03 19:40:25,63.05,179.3167,34.63,82,97,4.03,overcast clouds
129,Geraldton,AU,2021-06-03 19:40:25,-28.7667,114.6,48.61,93,0,10.13,clear sky
130,Kahului,US,2021-06-03 19:39:30,20.8947,-156.47,84.97,62,20,17.27,few clouds
131,Belmonte,BR,2021-06-03 19:40:26,-15.8631,-38.8828,81.1,78,2,8.61,clear sky
132,Georgetown,MY,2021-06-03 19:36:07,5.4112,100.3354,80.89,87,20,0.0,few clouds
133,Ayr,GB,2021-06-03 19:40:26,55.4627,-4.6339,60.69,63,20,16.11,few clouds
134,Sao Filipe,CV,2021-06-03 19:40:26,14.8961,-24.4956,74.12,78,8,9.93,clear sky
135,Saint-Philippe,RE,2021-06-03 19:37:36,-21.3585,55.7679,72.95,73,30,13.71,scattered clouds
136,Ixtapa,MX,2021-06-03 19:40:27,20.7,-105.2,83.43,74,90,5.75,overcast clouds
137,Ruiselede,BE,2021-06-03 19:40:27,51.0572,3.3788,64.26,83,41,4.09,scattered clouds
138,Hobart,AU,2021-06-03 19:40:28,-42.8794,147.3294,50.05,64,90,1.01,overcast clouds
139,Stornoway,GB,2021-06-03 19:40:28,58.2093,-6.3865,58.96,82,75,1.14,broken clouds
140,Vestmannaeyjar,IS,2021-06-03 19:40:28,63.4427,-20.2734,48.76,83,100,27.16,overcast clouds
141,Beyneu,KZ,2021-06-03 19:40:29,45.3167,55.2,77.88,51,6,18.59,clear sky
142,Galle,LK,2021-06-03 19:40:29,6.0367,80.217,79.77,86,97,14.56,overcast clouds
143,Tiksi,RU,2021-06-03 19:40:30,71.6872,128.8694,32.4,91,100,5.48,light snow
144,Kodinsk,RU,2021-06-03 19:40:30,58.6881,99.1844,55.6,98,100,2.77,light rain
145,Plettenberg Bay,ZA,2021-06-03 19:40:31,-34.0527,23.3716,55.49,71,17,6.02,few clouds
146,Santa Isabel,BR,2021-06-03 19:40:32,-23.3156,-46.2214,81.7,71,0,5.08,clear sky
147,High Level,CA,2021-06-03 19:40:32,58.5169,-117.136,73.51,49,75,12.33,broken clouds
148,Sri Aman,MY,2021-06-03 19:40:33,1.2376,111.4621,77.0,100,33,0.25,scattered clouds
149,Wajima,JP,2021-06-03 19:40:33,37.4,136.9,64.2,91,100,5.39,light rain
150,Haines Junction,CA,2021-06-03 19:40:34,60.7522,-137.5108,51.91,43,59,14.72,broken clouds
151,Kutum,SD,2021-06-03 19:40:34,14.2,24.6667,87.42,15,96,15.86,overcast clouds
152,Sorland,NO,2021-06-03 19:40:35,67.667,12.6934,57.27,83,6,1.79,clear sky
153,Carazinho,BR,2021-06-03 19:40:35,-28.2839,-52.7864,67.8,55,0,2.91,clear sky
154,Puerto Ayora,EC,2021-06-03 19:36:19,-0.7393,-90.3518,78.8,69,40,13.8,scattered clouds
155,Kota Kinabalu,MY,2021-06-03 19:40:36,5.9749,116.0724,78.78,94,20,2.3,few clouds
156,Buin,CL,2021-06-03 19:40:37,-33.7333,-70.75,77.32,35,100,2.77,overcast clouds
157,Shingu,JP,2021-06-03 19:40:37,33.7333,135.9833,71.91,99,100,9.28,overcast clouds
158,North Bend,US,2021-06-03 19:40:37,43.4065,-124.2243,78.94,76,1,12.66,clear sky
159,Faanui,PF,2021-06-03 19:40:38,-16.4833,-151.75,79.81,80,69,9.69,moderate rain
160,Santander,ES,2021-06-03 19:36:41,43.4647,-3.8044,56.98,96,90,8.99,mist
161,Atuona,PF,2021-06-03 19:40:38,-9.8,-139.0333,78.93,82,66,18.88,light rain
162,Chokurdakh,RU,2021-06-03 19:40:38,70.6333,147.9167,56.14,61,100,5.37,overcast clouds
163,Iracoubo,GF,2021-06-03 19:40:39,5.4802,-53.2011,80.28,87,99,10.4,overcast clouds
164,Kathmandu,NP,2021-06-03 19:40:17,27.7167,85.3167,69.8,94,20,4.61,few clouds
165,Najran,SA,2021-06-03 19:40:39,17.4924,44.1277,84.85,14,76,3.02,broken clouds
166,Kashi,CN,2021-06-03 19:40:40,39.4547,75.9797,71.6,30,20,8.95,few clouds
167,Leningradskiy,RU,2021-06-03 19:40:40,69.3833,178.4167,29.98,80,66,6.2,broken clouds
168,San Jose,US,2021-06-03 19:39:56,37.3394,-121.895,89.02,49,1,0.0,clear sky
169,Clyde River,CA,2021-06-03 19:40:41,70.4692,-68.5914,28.63,93,90,12.66,light snow
170,Klaksvik,FO,2021-06-03 19:40:41,62.2266,-6.589,52.72,90,83,18.77,broken clouds
171,Monastyrshchina,RU,2021-06-03 19:40:41,54.3496,31.838,50.59,80,5,7.23,light rain
172,Lengshuitan,CN,2021-06-03 19:40:42,26.4111,111.5956,65.91,90,100,0.81,overcast clouds
173,Anadyr,RU,2021-06-03 19:40:42,64.75,177.4833,37.4,60,0,11.18,clear sky
174,Bairiki,KI,2021-06-03 19:40:43,1.3292,172.9752,80.6,83,75,3.44,broken clouds
175,Dikson,RU,2021-06-03 19:40:43,73.5069,80.5464,29.98,95,97,14.14,overcast clouds
176,Bredasdorp,ZA,2021-06-03 19:40:44,-34.5322,20.0403,57.27,82,100,4.63,overcast clouds
177,Yenagoa,NG,2021-06-03 19:40:44,4.9247,6.2642,77.59,90,11,4.38,few clouds
178,Giulvaz,RO,2021-06-03 19:40:44,45.5489,20.9844,64.4,77,0,3.44,clear sky
179,Ribeira Grande,PT,2021-06-03 19:40:45,38.5167,-28.7,66.6,63,20,9.22,few clouds
180,Cap Malheureux,MU,2021-06-03 19:36:29,-19.9842,57.6142,74.46,74,24,7.0,light rain
181,Saldanha,ZA,2021-06-03 19:40:45,-33.0117,17.9442,53.65,69,54,5.61,broken clouds
182,Charleston,US,2021-06-03 19:39:51,32.7766,-79.9309,81.0,78,90,14.97,overcast clouds
183,Kloulklubed,PW,2021-06-03 19:40:46,7.0419,134.2556,75.2,100,75,7.61,broken clouds
184,Hami,CN,2021-06-03 19:40:46,42.8,93.45,79.99,11,6,3.18,clear sky
185,Quatre Cocos,MU,2021-06-03 19:40:47,-20.2078,57.7625,74.08,75,56,15.48,light rain
186,Ileza,RU,2021-06-03 19:40:47,61.0533,43.9002,49.39,73,6,4.56,clear sky
187,New Norfolk,AU,2021-06-03 19:40:48,-42.7826,147.0587,50.0,74,82,5.99,broken clouds
188,Erdenet,MN,2021-06-03 19:40:48,49.0333,104.0833,50.4,57,11,2.55,few clouds
189,Brae,GB,2021-06-03 19:40:48,60.3964,-1.353,53.51,88,22,13.73,few clouds
190,Praia Da Vitoria,PT,2021-06-03 19:40:49,38.7333,-27.0667,66.45,68,40,7.65,scattered clouds
191,Ginda,IN,2021-06-03 19:40:49,30.6945,78.4932,60.96,56,3,6.85,clear sky
192,Aranos,NA,2021-06-03 19:40:50,-24.1333,19.1167,51.37,54,0,10.27,clear sky
193,Chuy,UY,2021-06-03 19:40:50,-33.6971,-53.4616,56.19,56,13,6.49,few clouds
194,Goderich,CA,2021-06-03 19:40:50,43.7501,-81.7165,76.03,73,26,6.91,scattered clouds
195,Carupano,VE,2021-06-03 19:40:51,10.6678,-63.2585,83.73,67,100,15.35,overcast clouds
196,Moussoro,TD,2021-06-03 19:40:51,13.6408,16.4901,95.85,20,8,6.13,clear sky
197,Honiara,SB,2021-06-03 19:40:52,-9.4333,159.95,78.21,88,97,3.8,overcast clouds
198,Tankhoy,RU,2021-06-03 19:40:52,51.5528,105.1306,53.19,60,0,4.63,clear sky
199,Grafton,US,2021-06-03 19:40:52,42.207,-71.6856,75.45,90,90,6.78,mist
200,Traverse City,US,2021-06-03 19:40:53,44.7631,-85.6206,84.94,26,40,17.27,scattered clouds
201,Ucluelet,CA,2021-06-03 19:36:23,48.9329,-125.5528,76.95,84,83,5.01,broken clouds
202,Margate,GB,2021-06-03 19:40:53,51.3813,1.3862,67.86,69,15,1.99,few clouds
203,Skibbereen,IE,2021-06-03 19:40:54,51.55,-9.2667,53.4,88,100,12.33,overcast clouds
204,Port Elizabeth,ZA,2021-06-03 19:40:54,-33.918,25.5701,46.4,87,40,4.61,scattered clouds
205,Chubbuck,US,2021-06-03 19:40:55,42.9208,-112.4661,89.69,25,40,10.0,scattered clouds
206,Santa Cruz,BO,2021-06-03 19:39:08,-17.8,-63.1667,85.46,58,40,9.22,scattered clouds
207,Mount Isa,AU,2021-06-03 19:40:55,-20.7333,139.5,55.17,82,18,8.05,few clouds
208,Methoni,GR,2021-06-03 19:40:55,36.8197,21.7049,62.46,70,8,9.35,clear sky
209,Kaliua,TZ,2021-06-03 19:40:56,-5.0606,31.7936,72.52,55,100,2.44,overcast clouds
210,Grand Forks,US,2021-06-03 19:40:56,47.9417,-97.4337,91.33,25,40,6.91,scattered clouds
211,Comodoro Rivadavia,AR,2021-06-03 19:40:56,-45.8667,-67.5,46.26,87,75,0.0,light rain
212,Bijapur,IN,2021-06-03 19:40:57,16.8333,75.7,75.43,79,100,7.38,overcast clouds
213,Port Macquarie,AU,2021-06-03 19:40:20,-31.4333,152.9167,54.0,99,3,8.66,clear sky
214,Lazaro Cardenas,MX,2021-06-03 19:36:31,17.9583,-102.2,87.6,56,92,10.2,overcast clouds
215,Kismayo,SO,2021-06-03 19:40:57,-0.3582,42.5454,78.71,85,72,17.34,broken clouds
216,Vao,NC,2021-06-03 19:40:58,-22.6667,167.4833,71.26,73,78,18.39,broken clouds
217,Yulara,AU,2021-06-03 19:40:58,-25.2406,130.9889,49.84,76,69,9.22,broken clouds
218,Pevek,RU,2021-06-03 19:40:58,69.7008,170.3133,34.12,74,76,2.15,broken clouds
219,Darab,IR,2021-06-03 19:40:59,28.7519,54.5444,86.99,11,23,1.7,few clouds
220,Aleksandrov Gay,RU,2021-06-03 19:40:59,50.147,48.5704,57.11,95,100,14.41,overcast clouds
221,Normandin,CA,2021-06-03 19:40:59,48.8333,-72.5321,73.53,49,100,17.27,overcast clouds
222,Ukiah,US,2021-06-03 19:41:00,39.1502,-123.2078,101.03,25,1,3.44,clear sky
223,Diego De Almagro,CL,2021-06-03 19:41:00,-26.3667,-70.05,76.24,29,0,7.56,clear sky
224,Ballina,AU,2021-06-03 19:41:01,-28.8667,153.5667,57.94,78,0,5.75,clear sky
225,Bathsheba,BB,2021-06-03 19:37:32,13.2167,-59.5167,86.61,54,40,16.84,scattered clouds
226,Sao Joao Da Barra,BR,2021-06-03 19:41:01,-21.6403,-41.0511,87.89,79,0,8.66,clear sky
227,Tromso,NO,2021-06-03 19:41:02,69.6496,18.957,66.85,51,0,4.61,clear sky
228,Cordoba,AR,2021-06-03 19:36:27,-31.4135,-64.1811,81.75,35,0,5.01,clear sky
229,Port Alfred,ZA,2021-06-03 19:41:02,-33.5906,26.891,58.98,60,72,2.8,broken clouds
230,Oranjemund,NA,2021-06-03 19:41:02,-28.55,16.4333,65.82,42,0,8.99,clear sky
231,Qui Nhon,VN,2021-06-03 19:41:03,13.7667,109.2333,82.56,74,9,5.84,clear sky
232,Isangel,VU,2021-06-03 19:41:03,-19.55,169.2667,72.88,76,28,8.95,scattered clouds
233,Byron Bay,AU,2021-06-03 19:41:03,-28.65,153.6167,57.87,75,0,11.1,clear sky
234,Mahebourg,MU,2021-06-03 19:38:51,-20.4081,57.7,74.25,83,75,11.5,light rain
235,Paciran,ID,2021-06-03 19:41:04,-6.8767,112.3761,78.58,85,70,9.26,broken clouds
236,Show Low,US,2021-06-03 19:40:49,34.2542,-110.0298,89.29,15,40,16.11,scattered clouds
237,Nelson,NZ,2021-06-03 19:41:05,-41.2833,173.2833,42.3,92,80,4.0,broken clouds
238,Vanimo,PG,2021-06-03 19:41:05,-2.6741,141.3028,77.29,89,79,3.51,broken clouds
239,Khatanga,RU,2021-06-03 19:41:05,71.9667,102.5,31.84,89,100,5.61,overcast clouds
240,Moose Factory,CA,2021-06-03 19:41:06,51.2585,-80.6094,62.58,88,75,8.05,broken clouds
241,Nouakchott,MR,2021-06-03 19:41:06,18.0858,-15.9785,72.36,68,4,26.17,clear sky
242,Miri,MY,2021-06-03 19:41:07,4.4148,114.0089,80.74,94,20,4.61,few clouds
243,Maragogi,BR,2021-06-03 19:41:07,-9.0122,-35.2225,77.2,82,9,6.55,clear sky
244,Boueni,YT,2021-06-03 19:41:07,-12.9025,45.0761,76.98,72,26,3.4,scattered clouds
245,Namibe,AO,2021-06-03 19:41:08,-15.1961,12.1522,70.83,86,29,7.67,scattered clouds
246,Barranca,PE,2021-06-03 19:41:08,-10.75,-77.7667,68.56,70,69,9.57,broken clouds
247,Canaway,PH,2021-06-03 19:41:09,13.3185,123.7131,77.83,88,96,3.71,overcast clouds
248,Wismar,DE,2021-06-03 19:41:09,53.9,11.4667,65.79,95,100,4.68,light rain
249,Murgab,TM,2021-06-03 19:41:09,37.4966,61.9714,87.67,37,0,10.22,clear sky
250,Port Lincoln,AU,2021-06-03 19:41:09,-34.7333,135.8667,58.03,78,43,11.72,scattered clouds
251,Bud,US,2021-06-03 19:41:10,39.447,-86.1758,77.2,76,100,5.32,overcast clouds
252,Nueva Guinea,NI,2021-06-03 19:41:10,11.6876,-84.4562,87.93,51,76,13.11,broken clouds
253,Tarrega,ES,2021-06-03 19:41:11,41.647,1.1396,69.64,79,2,8.01,clear sky
254,Mae Hong Son,TH,2021-06-03 19:41:11,19.3003,97.9685,77.25,79,99,1.61,overcast clouds
255,Fredericksburg,US,2021-06-03 19:37:21,38.3032,-77.4605,86.11,63,40,5.99,scattered clouds
256,Jasper,US,2021-06-03 19:41:11,37.2001,-94.3502,82.02,45,20,1.01,few clouds
257,Havre,FR,2021-06-03 19:41:12,49.5833,0.3333,57.2,82,90,9.22,overcast clouds
258,North Platte,US,2021-06-03 19:40:10,41.1239,-100.7654,86.02,30,1,3.0,clear sky
259,Nakhon Thai,TH,2021-06-03 19:41:12,17.1006,100.8374,77.79,91,100,1.25,overcast clouds
260,Mareeba,AU,2021-06-03 19:37:41,-17.0,145.4333,60.44,96,50,1.99,scattered clouds
261,Le Port,RE,2021-06-03 19:41:14,-20.9373,55.2919,73.36,83,19,10.85,few clouds
262,Antalaha,MG,2021-06-03 19:41:14,-14.9003,50.2788,70.66,88,98,5.91,overcast clouds
263,Pangnirtung,CA,2021-06-03 19:41:14,66.1451,-65.7125,39.2,60,90,11.5,overcast clouds
264,Miram Shah,PK,2021-06-03 19:41:15,33.0086,70.0697,80.31,53,0,3.53,clear sky
265,Fortuna,US,2021-06-03 19:39:32,40.5982,-124.1573,68.94,67,40,1.99,scattered clouds
266,Houma,US,2021-06-03 19:39:47,29.5958,-90.7195,88.0,82,100,4.41,moderate rain
267,Bajil,YE,2021-06-03 19:41:16,15.0584,43.2851,91.44,46,87,5.1,overcast clouds
268,Diu,IN,2021-06-03 19:41:16,20.7141,70.9822,83.07,79,33,11.9,scattered clouds
269,Rondonopolis,BR,2021-06-03 19:41:17,-16.4708,-54.6356,92.34,25,9,8.97,clear sky
270,Cabo San Lucas,MX,2021-06-03 19:40:07,22.8909,-109.9124,89.01,40,1,3.44,clear sky
271,Sumbe,AO,2021-06-03 19:41:18,-11.2061,13.8437,76.05,89,7,9.64,clear sky
272,Gravdal,NO,2021-06-03 19:41:18,68.1214,13.5031,57.09,72,0,6.91,clear sky
273,Paita,PE,2021-06-03 19:41:19,-5.0892,-81.1144,78.8,61,0,12.66,clear sky
274,Bethel,US,2021-06-03 19:37:22,41.3712,-73.414,72.01,87,90,1.99,overcast clouds
275,Wichita Falls,US,2021-06-03 19:41:19,33.9137,-98.4934,85.24,49,40,7.0,scattered clouds
276,Coihaique,CL,2021-06-03 19:41:19,-45.5752,-72.0662,48.81,81,40,0.0,scattered clouds
277,Angoche,MZ,2021-06-03 19:41:20,-16.2325,39.9086,74.88,79,30,5.73,scattered clouds
278,Bintulu,MY,2021-06-03 19:41:20,3.1667,113.0333,80.6,94,40,2.3,scattered clouds
279,Pacific Grove,US,2021-06-03 19:41:20,36.6177,-121.9166,78.42,85,40,1.99,scattered clouds
280,Beloha,MG,2021-06-03 19:41:21,-25.1667,45.05,68.0,90,100,4.99,overcast clouds
281,Nador,MA,2021-06-03 19:41:21,35.174,-2.9287,69.8,78,0,3.44,clear sky
282,Saint-Augustin,CA,2021-06-03 19:41:22,51.226,-58.6502,60.48,58,97,16.89,overcast clouds
283,Vila Franca Do Campo,PT,2021-06-03 19:41:22,37.7167,-25.4333,64.81,68,64,4.74,broken clouds
284,Sao Jose Da Coroa Grande,BR,2021-06-03 19:41:23,-8.8978,-35.1478,77.83,80,12,6.78,few clouds
285,Mujiayingzi,CN,2021-06-03 19:41:24,42.1167,118.7833,54.9,62,99,12.48,overcast clouds
286,Tabou,CI,2021-06-03 19:41:25,4.423,-7.3528,79.83,83,100,5.95,overcast clouds
287,Salalah,OM,2021-06-03 19:41:26,17.0151,54.0924,82.49,83,40,2.3,scattered clouds
288,Lensk,RU,2021-06-03 19:41:26,60.7253,114.9278,60.66,52,33,3.22,scattered clouds
289,Alyangula,AU,2021-06-03 19:41:26,-13.8483,136.4192,66.2,100,26,7.58,scattered clouds
290,Muros,ES,2021-06-03 19:41:27,42.7762,-9.0603,61.0,71,20,8.05,few clouds
291,Sol-Iletsk,RU,2021-06-03 19:41:22,51.1631,54.9918,62.89,94,99,7.05,light rain
292,San Fernando,PH,2021-06-03 19:41:28,15.0286,120.6898,78.8,94,75,4.61,broken clouds
293,Hauterive,FR,2021-06-03 19:41:28,46.0901,3.4459,70.56,84,94,3.4,overcast clouds
294,Agadez,NE,2021-06-03 19:41:28,19.75,10.25,95.99,7,3,7.43,clear sky
295,Colac,AU,2021-06-03 19:41:29,-38.3333,143.5833,47.62,89,68,8.05,broken clouds
296,Minab,IR,2021-06-03 19:41:29,27.1467,57.0801,87.3,48,12,1.77,few clouds
297,Alofi,NU,2021-06-03 19:41:32,-19.0595,-169.9187,73.29,94,73,4.61,light rain
298,Biak,ID,2021-06-03 19:41:32,-0.9131,122.8766,76.75,84,100,5.59,overcast clouds
299,Guerrero Negro,MX,2021-06-03 19:41:33,27.9769,-114.0611,74.1,51,7,12.1,clear sky
300,Hasaki,JP,2021-06-03 19:41:33,35.7333,140.8333,70.09,83,100,23.24,overcast clouds
301,Husavik,IS,2021-06-03 19:37:11,66.0449,-17.3389,49.91,62,100,2.13,overcast clouds
302,Matamoros,MX,2021-06-03 19:41:34,25.5333,-103.25,87.12,26,3,7.76,clear sky
303,Faya,SA,2021-06-03 19:41:34,18.3851,42.4509,80.6,11,0,10.36,clear sky
304,Shenjiamen,CN,2021-06-03 19:41:35,29.9576,122.298,66.56,92,100,16.28,overcast clouds
305,Khandyga,RU,2021-06-03 19:41:35,62.6667,135.6,55.62,42,56,2.15,broken clouds
306,Yichang,CN,2021-06-03 19:41:36,30.7144,111.2847,59.86,88,53,5.68,broken clouds
307,Laguna,US,2021-06-03 19:41:36,38.421,-121.4238,101.64,42,1,6.58,clear sky
308,Bubaque,GW,2021-06-03 19:37:43,11.2833,-15.8333,78.76,74,99,19.62,overcast clouds
309,Avarua,CK,2021-06-03 19:41:46,-21.2078,-159.775,75.2,88,75,3.44,broken clouds
310,Sehithwa,BW,2021-06-03 19:41:46,-20.4667,22.7167,54.9,48,0,6.11,clear sky
311,Aksu,CN,2021-06-03 19:41:46,41.1231,80.2644,74.03,33,58,3.8,broken clouds
312,Padang,ID,2021-06-03 19:41:47,-0.9492,100.3543,78.64,89,100,3.6,overcast clouds
313,Kunming,CN,2021-06-03 19:41:47,25.0389,102.7183,53.6,62,75,17.9,broken clouds
314,Kalaleh,IR,2021-06-03 19:41:48,37.3807,55.4916,72.28,82,1,4.25,clear sky
315,Santa Isabel Do Rio Negro,BR,2021-06-03 19:40:28,-0.4139,-65.0192,80.06,94,76,2.93,moderate rain
316,Mehamn,NO,2021-06-03 19:41:49,71.0357,27.8492,60.8,41,0,17.27,clear sky
317,Sistranda,NO,2021-06-03 19:41:50,63.7256,8.834,60.76,80,6,5.48,clear sky
318,Kununurra,AU,2021-06-03 19:41:50,-15.7667,128.7333,71.58,56,49,5.75,scattered clouds
319,Dourados,BR,2021-06-03 19:41:50,-22.2211,-54.8056,85.6,32,0,4.63,clear sky
320,Payo,ID,2021-06-03 19:41:51,-3.7508,103.6372,74.08,95,78,2.53,broken clouds
321,Moerai,PF,2021-06-03 19:41:56,-22.4333,-151.3333,77.38,72,0,4.32,clear sky
322,Khasan,RU,2021-06-03 19:41:57,42.4308,130.6434,54.0,97,100,1.59,overcast clouds
323,Vardo,NO,2021-06-03 19:42:07,70.3705,31.1107,62.8,51,0,12.66,clear sky
324,Tuatapere,NZ,2021-06-03 19:42:08,-46.1333,167.6833,50.0,79,100,5.01,overcast clouds
325,Riyadh,SA,2021-06-03 19:37:30,24.6877,46.7219,98.65,12,0,5.75,clear sky
326,Nantucket,US,2021-06-03 19:42:08,41.2835,-70.0995,68.61,88,90,14.97,mist
327,Thinadhoo,MV,2021-06-03 19:42:09,0.5333,72.9333,83.77,68,100,16.53,overcast clouds
328,Ambilobe,MG,2021-06-03 19:42:09,-13.2,49.05,69.85,87,3,2.82,clear sky
329,Seymour,US,2021-06-03 19:42:09,38.9592,-85.8903,74.75,90,97,1.01,moderate rain
330,Conceicao Das Alagoas,BR,2021-06-03 19:42:10,-19.9147,-48.3883,82.4,32,40,5.75,scattered clouds
331,Sungairaya,ID,2021-06-03 19:42:10,0.7,108.9,79.65,89,95,1.72,overcast clouds
332,Prince George,CA,2021-06-03 19:42:10,53.9166,-122.753,68.25,44,40,5.99,scattered clouds
333,San Andres,CO,2021-06-03 19:42:11,12.5847,-81.7006,87.82,66,20,12.66,few clouds
334,Solenzo,BF,2021-06-03 19:42:11,12.1833,-4.0833,91.11,35,80,8.86,light rain
335,Calvinia,ZA,2021-06-03 19:37:48,-31.4707,19.776,51.8,39,5,7.02,clear sky
336,Petropavlovsk-Kamchatskiy,RU,2021-06-03 19:42:12,53.0452,158.6483,51.8,62,24,6.71,few clouds
337,Derzhavinsk,KZ,2021-06-03 19:42:12,51.1,66.3167,71.94,38,90,6.82,overcast clouds
338,Monte Carmelo,BR,2021-06-03 19:42:12,-18.7247,-47.4986,79.92,31,47,5.48,scattered clouds
339,Kaitangata,NZ,2021-06-03 19:41:31,-46.2817,169.8464,46.92,83,100,4.38,moderate rain
340,Maun,BW,2021-06-03 19:42:13,-19.9833,23.4167,60.76,41,0,3.44,clear sky
341,Pingliang,CN,2021-06-03 19:42:13,35.5392,106.6861,54.27,29,3,4.85,clear sky
342,Kattivakkam,IN,2021-06-03 19:42:14,13.2167,80.3167,84.99,84,20,4.61,few clouds
343,Karratha,AU,2021-06-03 19:42:14,-20.7377,116.8463,66.85,50,100,17.9,overcast clouds
344,Bandarbeyla,SO,2021-06-03 19:42:14,9.4942,50.8122,79.92,83,100,17.36,overcast clouds
345,Kapit,MY,2021-06-03 19:42:15,2.0167,112.9333,75.87,99,100,0.54,overcast clouds
346,Port Hedland,AU,2021-06-03 19:42:15,-20.3167,118.5667,64.45,63,90,13.8,overcast clouds
347,Havelock,US,2021-06-03 19:42:15,34.8791,-76.9013,79.0,78,75,18.41,broken clouds
348,Northam,GB,2021-06-03 19:42:15,51.0333,-4.2167,57.38,79,8,7.02,clear sky
349,Baijiantan,CN,2021-06-03 19:42:16,45.6333,85.1833,87.89,20,100,10.16,overcast clouds
350,Kardla,EE,2021-06-03 19:42:16,58.9978,22.7492,54.1,72,17,6.93,few clouds
351,Sikonge,TZ,2021-06-03 19:42:16,-5.6333,32.7667,69.89,58,100,4.52,overcast clouds
352,Cayenne,GF,2021-06-03 19:42:17,4.9333,-52.3333,83.08,82,75,4.0,broken clouds
353,Antofagasta,CL,2021-06-03 19:42:17,-23.65,-70.4,63.68,71,25,4.94,scattered clouds
354,Odweyne,SO,2021-06-03 19:42:18,9.4092,45.064,77.23,47,85,15.17,overcast clouds
355,Klyuchi,RU,2021-06-03 19:42:18,52.2667,79.1667,61.47,64,100,6.85,overcast clouds
356,Tutoia,BR,2021-06-03 19:42:18,-2.7619,-42.2744,85.98,75,73,8.55,broken clouds
357,Pecos,US,2021-06-03 19:42:18,31.4229,-103.4932,83.05,41,1,6.91,clear sky
358,Ayorou,NE,2021-06-03 19:42:19,14.7308,0.9174,96.58,20,40,12.1,scattered clouds
359,Machico,PT,2021-06-03 19:42:19,32.7,-16.7667,67.28,76,75,11.5,broken clouds
360,Hambantota,LK,2021-06-03 19:42:20,6.1241,81.1185,79.52,86,98,16.24,overcast clouds
361,Paamiut,GL,2021-06-03 19:42:20,61.994,-49.6678,36.54,67,41,8.21,scattered clouds
362,Itupiranga,BR,2021-06-03 19:42:20,-5.1347,-49.3267,80.92,60,40,3.78,scattered clouds
363,Sesheke,ZM,2021-06-03 19:42:21,-17.4759,24.2968,54.19,25,0,4.72,clear sky
364,Athens,GR,2021-06-03 19:39:35,37.9795,23.7162,72.18,62,20,1.01,few clouds
365,Kandrian,PG,2021-06-03 19:42:21,-6.2167,149.55,77.29,89,82,2.39,broken clouds
366,Clarence Town,AU,2021-06-03 19:42:22,-32.5833,151.7833,57.99,88,90,10.36,overcast clouds
367,Tombouctou,ML,2021-06-03 19:42:22,20.0,-3.0,101.53,9,95,8.99,overcast clouds
368,Araouane,ML,2021-06-03 19:42:22,18.9048,-3.5265,100.56,14,85,5.35,overcast clouds
369,Burgas,BG,2021-06-03 19:42:22,42.5061,27.4678,64.51,63,20,11.5,few clouds
370,Nishihara,JP,2021-06-03 19:42:23,26.1842,127.7558,82.45,94,75,13.94,broken clouds
371,Nizhniy Tsasuchey,RU,2021-06-03 19:42:23,50.5167,115.1333,48.81,72,25,8.72,scattered clouds
372,Ponta Do Sol,PT,2021-06-03 19:42:10,32.6667,-17.1,65.12,49,64,6.31,broken clouds
373,Okhotsk,RU,2021-06-03 19:42:23,59.3833,143.3,39.61,88,1,3.36,clear sky
374,Uglich,RU,2021-06-03 19:42:24,57.5275,38.3317,52.03,76,63,7.47,broken clouds
375,Poum,NC,2021-06-03 19:42:24,-20.2333,164.0167,74.03,67,100,14.54,overcast clouds
376,Srednekolymsk,RU,2021-06-03 19:42:25,67.45,153.6833,62.1,41,40,12.82,scattered clouds
377,Nemuro,JP,2021-06-03 19:39:54,43.3236,145.575,50.59,97,100,16.69,light rain
378,Sumter,US,2021-06-03 19:42:25,28.7086,-82.0831,91.99,59,100,8.99,overcast clouds
379,Trelew,AR,2021-06-03 19:42:25,-43.249,-65.3051,47.1,91,100,2.15,overcast clouds
380,Igurubi,TZ,2021-06-03 19:42:26,-4.0,33.7,73.42,51,100,6.29,overcast clouds
381,Mukhen,RU,2021-06-03 19:42:26,48.1,136.1,52.27,95,100,8.01,moderate rain
382,Lima,PE,2021-06-03 19:38:45,-12.0432,-77.0282,68.9,73,75,6.91,broken clouds
383,Lakes Entrance,AU,2021-06-03 19:42:26,-37.8811,147.981,49.17,85,96,10.22,light rain
384,Bermeo,ES,2021-06-03 19:42:27,43.4209,-2.7215,61.11,90,100,10.8,overcast clouds
385,Oksfjord,NO,2021-06-03 19:42:27,70.2396,22.3479,59.07,57,15,4.65,few clouds
386,Narsaq,GL,2021-06-03 19:42:27,60.9167,-46.05,52.02,69,95,6.44,overcast clouds
387,Hommelvik,NO,2021-06-03 19:42:28,63.4108,10.7942,76.96,27,0,6.91,clear sky
388,Kasane,BW,2021-06-03 19:42:28,-17.8167,25.15,54.23,23,0,5.93,clear sky
389,Talara,PE,2021-06-03 19:42:28,-4.5772,-81.2719,79.56,61,0,12.66,clear sky
390,Katol,IN,2021-06-03 19:42:29,21.2667,78.5833,82.96,62,81,9.48,broken clouds
391,Kiunga,PG,2021-06-03 19:42:29,-6.1219,141.2906,73.44,100,100,1.48,overcast clouds
392,Malanje,AO,2021-06-03 19:42:29,-9.5402,16.341,64.51,50,31,2.01,scattered clouds
393,Uyemskiy,RU,2021-06-03 19:42:30,64.4743,40.8524,53.65,94,0,3.06,clear sky
394,Samarai,PG,2021-06-03 19:42:30,-10.6167,150.6667,78.48,89,90,9.57,overcast clouds
395,Skagen,DK,2021-06-03 19:42:30,57.7209,10.5839,61.27,82,100,8.05,overcast clouds
396,Saint Anthony,US,2021-06-03 19:42:31,45.0205,-93.218,89.62,29,1,8.61,clear sky
397,Forestville,US,2021-06-03 19:42:26,38.8451,-76.875,86.04,67,75,8.05,broken clouds
398,Jawar,IN,2021-06-03 19:42:31,23.0,76.5,88.72,38,90,4.7,overcast clouds
399,Pyapon,MM,2021-06-03 19:42:31,16.2833,95.6833,83.37,75,99,7.18,overcast clouds
400,Kasempa,ZM,2021-06-03 19:42:32,-13.4584,25.8338,63.82,46,74,4.07,broken clouds
401,Clinton,US,2021-06-03 19:42:32,42.587,-82.9199,81.55,68,40,1.01,scattered clouds
402,Vagay,RU,2021-06-03 19:42:32,57.9375,69.0217,39.94,83,76,5.99,broken clouds
403,Haimen,CN,2021-06-03 19:42:33,23.1935,116.6142,78.69,91,100,5.86,overcast clouds
404,Luderitz,NA,2021-06-03 19:40:18,-26.6481,15.1594,70.74,28,0,18.41,clear sky
405,Salamiyah,SY,2021-06-03 19:42:33,35.0113,37.0532,63.88,64,0,7.49,clear sky
406,Creel,MX,2021-06-03 19:42:33,27.75,-107.6333,68.58,27,100,2.39,overcast clouds
407,Santa Marta,CO,2021-06-03 19:40:29,11.2408,-74.199,83.3,76,100,10.2,overcast clouds
408,Norsup,VU,2021-06-03 19:42:34,-16.0667,167.3833,74.43,79,38,6.26,scattered clouds
409,Adrar,MR,2021-06-03 19:42:34,20.5022,-10.0711,98.08,16,99,20.8,overcast clouds
410,Atasu,KZ,2021-06-03 19:42:34,48.6814,71.6433,61.48,78,67,10.36,broken clouds
411,Chapais,CA,2021-06-03 19:42:35,49.7834,-74.8492,74.98,58,76,15.55,broken clouds
412,Novoagansk,RU,2021-06-03 19:42:35,61.9449,76.6625,36.86,75,99,6.42,overcast clouds
413,Orchard Homes,US,2021-06-03 19:42:35,46.8633,-114.0484,88.29,35,1,3.44,clear sky
414,Camacha,PT,2021-06-03 19:42:36,33.0833,-16.3333,63.82,48,20,13.8,few clouds
415,Norman Wells,CA,2021-06-03 19:40:07,65.282,-126.8329,51.84,82,90,9.22,overcast clouds
416,Sabang,ID,2021-06-03 19:42:36,5.8933,95.3214,82.49,77,86,9.48,heavy intensity rain
417,Qaqortoq,GL,2021-06-03 19:42:36,60.7167,-46.0333,52.3,77,97,8.97,overcast clouds
418,Koslan,RU,2021-06-03 19:42:37,63.4564,48.8989,52.23,73,6,5.01,clear sky
419,Fasa,IR,2021-06-03 19:42:37,28.9383,53.6482,83.44,13,0,9.22,clear sky
420,Balotra,IN,2021-06-03 19:42:37,25.8333,72.2333,89.98,39,7,6.46,clear sky
421,Deputatskiy,RU,2021-06-03 19:42:38,69.3,139.9,58.82,42,100,4.03,overcast clouds
422,Ystad,SE,2021-06-03 19:42:38,55.4297,13.8204,59.74,76,100,12.75,overcast clouds
423,Staritsa,RU,2021-06-03 19:42:38,56.5075,34.9354,54.48,74,87,5.5,overcast clouds
424,Seminole,US,2021-06-03 19:40:38,28.7086,-81.2081,89.4,68,75,1.99,broken clouds
425,Iquitos,PE,2021-06-03 19:39:14,-3.7481,-73.2472,82.44,78,75,3.44,broken clouds
426,Warwick,US,2021-06-03 19:42:39,41.7001,-71.4162,72.01,90,90,8.05,overcast clouds
427,Port Hardy,CA,2021-06-03 19:42:39,50.6996,-127.4199,55.58,82,40,9.22,scattered clouds
428,Nara,JP,2021-06-03 19:42:39,34.6851,135.8049,69.91,90,100,3.87,moderate rain
429,Rio Gallegos,AR,2021-06-03 19:41:44,-51.6226,-69.2181,37.4,87,90,6.91,moderate rain
430,Ifakara,TZ,2021-06-03 19:42:40,-8.1333,36.6833,73.56,72,95,1.79,overcast clouds
431,Dustlik,UZ,2021-06-03 19:42:40,40.5247,68.0358,79.32,23,0,0.87,clear sky
432,San Jose Del Guaviare,CO,2021-06-03 19:42:40,2.5729,-72.6459,81.16,88,60,0.22,heavy intensity rain
433,Coquimbo,CL,2021-06-03 19:38:41,-29.9533,-71.3436,60.53,82,75,3.87,broken clouds
434,Omboue,GA,2021-06-03 19:42:41,-1.5746,9.2618,76.71,91,8,4.52,clear sky
435,Lamu,KE,2021-06-03 19:42:41,-2.2717,40.902,79.02,83,41,14.54,scattered clouds
436,Hazaribag,IN,2021-06-03 19:42:42,23.9833,85.35,83.08,44,4,3.2,clear sky
437,Plast,RU,2021-06-03 19:42:42,54.3691,60.8136,50.94,92,100,6.69,overcast clouds
438,Villarrica,PY,2021-06-03 19:40:47,-25.75,-56.4333,82.85,46,49,2.8,scattered clouds
439,Constitucion,CL,2021-06-03 19:42:42,-35.3333,-72.4167,61.95,80,100,10.29,overcast clouds
440,Nyurba,RU,2021-06-03 19:42:43,63.2842,118.3319,59.68,55,17,5.84,few clouds
441,San Rafael,AR,2021-06-03 19:41:24,-34.6177,-68.3301,73.49,27,95,7.16,overcast clouds
442,Lethem,GY,2021-06-03 19:42:43,3.3803,-59.7968,77.83,86,100,3.71,moderate rain
443,Adolfo Lopez Mateos,MX,2021-06-03 19:42:43,28.4667,-107.3,69.93,22,100,22.97,overcast clouds
444,Dibulla,CO,2021-06-03 19:42:44,11.2725,-73.3091,85.05,72,100,4.56,overcast clouds
445,Taoudenni,ML,2021-06-03 19:42:44,22.6783,-3.9836,105.69,8,43,7.16,scattered clouds
446,Dolores,AR,2021-06-03 19:42:45,-36.3132,-57.6792,57.31,66,98,12.93,overcast clouds
447,Selikhino,RU,2021-06-03 19:42:45,50.3672,137.4996,54.28,96,100,5.75,overcast clouds
448,Asmar,AF,2021-06-03 19:42:45,35.0333,71.3581,74.66,58,0,4.5,clear sky
449,Ahipara,NZ,2021-06-03 19:42:46,-35.1667,173.1667,52.84,77,32,3.36,scattered clouds
450,East London,ZA,2021-06-03 19:42:46,-33.0153,27.9116,58.98,66,79,5.3,broken clouds
451,Provideniya,RU,2021-06-03 19:42:46,64.3833,-173.3,35.71,75,75,6.71,broken clouds
452,Kenora,CA,2021-06-03 19:40:36,49.8167,-94.4337,81.57,34,75,4.61,broken clouds
453,Camaqua,BR,2021-06-03 19:42:47,-30.8511,-51.8122,61.52,73,9,4.43,clear sky
454,Mahibadhoo,MV,2021-06-03 19:42:47,3.7833,72.9667,83.17,69,100,16.75,overcast clouds
455,Souillac,MU,2021-06-03 19:42:48,-20.5167,57.5167,74.35,83,75,14.45,light rain
456,Kupino,RU,2021-06-03 19:42:48,54.3663,77.2981,55.49,66,81,0.83,broken clouds
457,Bensonville,LR,2021-06-03 19:42:48,6.4461,-10.6125,81.95,90,100,4.45,light rain
458,Zhoucheng,CN,2021-06-03 19:42:48,35.9122,116.3117,62.94,27,2,6.69,clear sky
459,Davila,PH,2021-06-03 19:42:49,18.4726,120.5763,82.36,77,58,18.61,broken clouds
460,Teterow,DE,2021-06-03 19:42:49,53.7833,12.5667,65.48,80,100,7.81,overcast clouds
461,Mugumu,TZ,2021-06-03 19:42:49,-1.85,34.7,60.33,89,77,3.47,broken clouds
462,Flinders,AU,2021-06-03 19:42:50,-34.5833,150.8552,56.05,90,35,9.78,scattered clouds
463,Groningen,NL,2021-06-03 19:40:00,53.25,6.75,67.26,77,82,4.72,broken clouds
464,Kendari,ID,2021-06-03 19:42:50,-3.945,122.4989,74.44,95,100,2.75,moderate rain
465,Eruwa,NG,2021-06-03 19:42:50,7.5333,3.4167,84.49,83,8,7.11,light rain
466,Kropotkin,RU,2021-06-03 19:42:51,45.4375,40.5756,52.03,91,61,5.41,broken clouds
467,Sauda,NO,2021-06-03 19:42:51,59.6506,6.3542,69.67,55,19,17.92,few clouds
468,Bull Savanna,JM,2021-06-03 19:42:51,17.8868,-77.5902,81.36,70,50,13.11,scattered clouds
469,Sur,OM,2021-06-03 19:42:52,22.5667,59.5289,92.34,46,0,11.32,clear sky
470,Merauke,ID,2021-06-03 19:42:52,-8.4667,140.3333,77.11,85,98,12.86,overcast clouds
471,Natchitoches,US,2021-06-03 19:42:52,31.7668,-93.1335,83.59,61,1,3.44,clear sky
472,Hualmay,PE,2021-06-03 19:42:53,-11.0964,-77.6139,68.74,72,100,9.26,overcast clouds
473,Vanavara,RU,2021-06-03 19:42:53,60.34,102.2797,54.54,97,100,3.89,overcast clouds
474,Pietarsaari,FI,2021-06-03 19:42:53,63.65,22.6833,62.73,69,100,0.81,overcast clouds
475,Hingatungan,PH,2021-06-03 19:42:54,10.584,125.1852,80.11,79,100,2.84,overcast clouds
476,Myitkyina,MM,2021-06-03 19:42:54,25.3833,97.4,73.96,96,29,0.96,scattered clouds
477,Lompoc,US,2021-06-03 19:42:54,34.6391,-120.4579,84.02,75,40,1.01,scattered clouds
478,Pisco,PE,2021-06-03 19:42:54,-13.7,-76.2167,68.05,68,40,10.36,scattered clouds
479,San Ramon De La Nueva Oran,AR,2021-06-03 19:42:55,-23.1322,-64.326,81.43,42,19,4.9,few clouds
480,Casillas,GT,2021-06-03 19:42:55,14.4222,-90.2442,76.42,78,68,2.95,broken clouds
481,Nizhniy Odes,RU,2021-06-03 19:42:55,63.6445,54.856,46.89,69,15,4.74,few clouds
482,Tolaga Bay,NZ,2021-06-03 19:42:56,-38.3667,178.3,48.74,81,1,4.56,clear sky
483,Nhulunbuy,AU,2021-06-03 19:42:56,-12.2333,136.7667,72.21,88,47,4.61,scattered clouds
484,Berdigestyakh,RU,2021-06-03 19:42:56,62.0989,126.6992,58.39,67,8,3.4,clear sky
485,Asau,RO,2021-06-03 19:42:57,46.4333,26.4,56.32,89,100,4.99,overcast clouds
486,Bonavista,CA,2021-06-03 19:42:57,48.6499,-53.1147,77.0,68,17,14.38,few clouds
487,Gweta,BW,2021-06-03 19:42:57,-20.1833,25.2333,58.5,34,0,6.26,clear sky
488,Piacabucu,BR,2021-06-03 19:42:57,-10.4056,-36.4344,77.58,80,7,8.75,clear sky
489,Lorengau,PG,2021-06-03 19:42:58,-2.0226,147.2712,79.38,78,100,1.7,overcast clouds
490,Bilibino,RU,2021-06-03 19:42:36,68.0546,166.4372,53.47,36,8,1.01,clear sky
491,College,US,2021-06-03 19:42:58,64.8569,-147.8028,66.58,44,75,1.01,broken clouds
492,Pemangkat,ID,2021-06-03 19:42:58,1.1667,108.9667,79.68,87,53,2.26,broken clouds
493,Tura,IN,2021-06-03 19:42:59,25.5198,90.2201,74.16,89,1,5.55,clear sky
494,Ejido,VE,2021-06-03 19:42:59,8.5514,-71.2375,77.09,80,94,4.16,overcast clouds
495,Taganak,PH,2021-06-03 19:42:59,6.0833,118.3,78.94,82,71,13.98,broken clouds
496,Solton,RU,2021-06-03 19:43:00,52.8429,86.4787,58.95,94,100,2.71,overcast clouds
497,Plainfield,US,2021-06-03 19:41:32,40.6168,-74.4173,80.96,86,90,4.23,overcast clouds
498,Nouadhibou,MR,2021-06-03 19:43:00,20.931,-17.0347,71.58,64,83,16.11,broken clouds
499,Barhi,IN,2021-06-03 19:43:01,23.9,80.8,87.98,41,61,5.75,broken clouds
500,Igarka,RU,2021-06-03 19:43:01,67.4667,86.5833,32.9,99,100,12.64,light snow
501,Mbarara,UG,2021-06-03 19:43:01,-0.608,30.65,63.77,84,100,1.3,overcast clouds
502,El Alto,PE,2021-06-03 19:43:02,-4.2714,-81.2147,76.66,72,17,9.75,few clouds
503,Preobrazheniye,RU,2021-06-03 19:43:02,42.9019,133.9064,53.2,98,100,6.11,light rain
504,Cabedelo,BR,2021-06-03 19:43:02,-6.9811,-34.8339,83.07,75,16,12.03,few clouds
505,Ust-Kuyga,RU,2021-06-03 19:43:03,70.0167,135.6,54.21,77,100,5.84,overcast clouds
506,Mayo,US,2021-06-03 19:39:20,38.8876,-76.5119,86.07,77,20,5.01,few clouds
507,Dubbo,AU,2021-06-03 19:43:03,-32.25,148.6167,51.93,87,90,10.36,overcast clouds
508,Arnedo,ES,2021-06-03 19:43:03,42.2167,-2.1,67.15,92,40,8.7,scattered clouds
509,Valleyview,CA,2021-06-03 19:43:04,55.0667,-117.2859,69.84,43,100,17.27,overcast clouds
510,Batemans Bay,AU,2021-06-03 19:43:04,-35.7167,150.1833,55.2,92,80,4.9,broken clouds
511,Mitsamiouli,KM,2021-06-03 19:43:04,-11.3847,43.2844,77.88,75,8,3.83,clear sky
512,Meulaboh,ID,2021-06-03 19:43:05,4.1363,96.1285,77.47,91,100,3.6,light rain
513,Beira,MZ,2021-06-03 19:43:05,-19.8436,34.8389,73.49,73,40,9.22,scattered clouds
514,Bastia,FR,2021-06-03 19:43:05,42.6667,9.3333,67.3,87,0,4.74,clear sky
515,Puerto Escondido,MX,2021-06-03 19:43:05,15.85,-97.0667,88.63,70,75,9.22,broken clouds
516,Sakaraha,MG,2021-06-03 19:43:06,-22.9,44.5333,63.59,92,52,3.62,broken clouds
517,Goryachegorsk,RU,2021-06-03 19:43:06,55.4053,88.9154,57.13,99,100,1.48,overcast clouds
518,Malpe,IN,2021-06-03 19:43:06,13.35,74.7167,81.7,89,100,9.13,overcast clouds
519,Port Hawkesbury,CA,2021-06-03 19:43:07,45.6169,-61.3485,79.72,27,1,14.97,clear sky
520,Tambo,PE,2021-06-03 19:43:07,-14.8,-73.9167,48.69,38,42,9.31,scattered clouds
521,Tyumentsevo,RU,2021-06-03 19:43:07,53.3224,81.498,58.87,74,100,8.39,overcast clouds
522,Baruun-Urt,MN,2021-06-03 19:43:08,46.6806,113.2792,43.52,81,10,9.13,clear sky
523,Gizo,SB,2021-06-03 19:43:08,-8.103,156.8419,81.57,79,76,4.83,broken clouds
524,Luis Correia,BR,2021-06-03 19:43:08,-2.8792,-41.6669,86.0,74,0,12.66,clear sky
525,Flin Flon,CA,2021-06-03 19:43:09,54.7682,-101.865,67.84,64,75,7.94,broken clouds
526,Kenai,US,2021-06-03 19:43:09,60.5544,-151.2583,61.03,70,40,8.05,scattered clouds
527,Morros,BR,2021-06-03 19:43:09,-9.4467,-46.3003,86.52,38,69,4.05,broken clouds
528,Tashtagol,RU,2021-06-03 19:43:10,52.7657,87.8894,58.48,97,100,3.13,overcast clouds
529,Powell River,CA,2021-06-03 19:43:10,49.8496,-124.5361,76.05,56,20,6.91,few clouds
530,Ishigaki,JP,2021-06-03 19:43:11,24.3448,124.1572,83.43,87,33,20.78,scattered clouds
531,Agadir,MA,2021-06-03 19:42:29,30.4202,-9.5982,73.85,66,100,3.53,overcast clouds
532,Wajid,SO,2021-06-03 19:43:11,3.8093,43.2471,77.27,62,7,21.09,clear sky
533,Kaeo,NZ,2021-06-03 19:43:11,-35.1,173.7833,51.33,92,62,2.21,broken clouds
534,Bondoukou,CI,2021-06-03 19:43:12,8.0333,-2.8,82.8,58,22,5.14,few clouds
535,Penzance,GB,2021-06-03 19:43:12,50.1186,-5.5371,57.76,80,1,7.18,clear sky
536,Aurora,US,2021-06-03 19:39:15,39.7294,-104.8319,84.18,29,20,4.0,few clouds
537,Kudahuvadhoo,MV,2021-06-03 19:43:12,2.6708,72.8944,83.3,72,95,17.25,overcast clouds
538,Gambela,ET,2021-06-03 19:43:13,8.25,34.5833,74.86,74,100,3.89,light rain
539,Boizenburg,DE,2021-06-03 19:43:13,53.3833,10.7167,65.41,96,100,11.03,light rain
540,Santarem,BR,2021-06-03 19:43:13,-2.4431,-54.7083,86.13,70,20,6.91,few clouds
541,Libertador General San Martin,AR,2021-06-03 19:43:14,-23.8064,-64.7876,77.97,42,0,5.55,clear sky
542,Hirara,JP,2021-06-03 19:43:14,24.8,125.2833,82.9,88,46,20.22,scattered clouds
543,Luganville,VU,2021-06-03 19:43:14,-15.5333,167.1667,75.96,83,84,7.38,broken clouds
544,Port Blair,IN,2021-06-03 19:43:14,11.6667,92.75,83.08,76,100,4.27,overcast clouds
545,Lyuban,BY,2021-06-03 19:43:15,52.7985,28.0048,52.7,78,11,6.02,few clouds
546,La Grande,US,2021-06-03 19:43:15,45.3246,-118.0877,88.18,28,0,3.76,clear sky
547,Chunskiy,RU,2021-06-03 19:43:15,56.0815,99.6342,57.33,58,54,2.84,broken clouds
548,Sagua La Grande,CU,2021-06-03 19:43:16,22.8067,-80.0756,85.19,58,39,16.67,light rain
549,Grootfontein,NA,2021-06-03 19:43:16,-19.5667,18.1167,38.77,60,0,1.14,clear sky
550,Alghero,IT,2021-06-03 19:43:16,40.5589,8.3181,69.89,83,0,5.75,clear sky
551,Kimbe,PG,2021-06-03 19:43:17,-5.5502,150.1429,75.54,96,41,2.84,light rain
552,Nambucca Heads,AU,2021-06-03 19:43:17,-30.65,153.0,54.0,74,1,12.41,clear sky
553,Tucuma,BR,2021-06-03 19:43:17,-0.1833,-50.05,79.57,90,28,6.87,scattered clouds
554,Toamasina,MG,2021-06-03 19:43:18,-18.1667,49.3833,69.8,88,20,0.0,few clouds
555,Mana,GF,2021-06-03 19:43:18,5.6592,-53.7767,80.98,85,100,10.25,light rain
556,Rtishchevo,RU,2021-06-03 19:43:18,52.2604,43.7874,56.91,61,99,14.38,moderate rain
557,Wasilla,US,2021-06-03 19:42:43,61.5814,-149.4394,55.02,70,90,0.0,overcast clouds
558,Luanda,AO,2021-06-03 19:40:26,-8.8368,13.2343,77.0,83,0,8.05,clear sky
559,Diamantino,BR,2021-06-03 19:38:26,-14.4086,-56.4461,90.43,33,3,3.4,clear sky
560,Itoman,JP,2021-06-03 19:43:19,26.1247,127.6694,83.17,97,75,14.97,broken clouds
561,Biltine,TD,2021-06-03 19:43:19,14.5333,20.9167,97.63,11,39,16.04,scattered clouds
562,Uyuni,BO,2021-06-03 19:43:20,-20.4597,-66.825,52.47,13,35,7.25,scattered clouds
563,Pedreiras,BR,2021-06-03 19:43:20,-4.5688,-44.6003,82.2,80,23,1.9,few clouds
564,Chissamba,AO,2021-06-03 19:43:20,-12.1667,17.3333,61.68,37,24,4.09,few clouds
565,San-Pedro,CI,2021-06-03 19:43:20,4.7485,-6.6363,80.01,83,94,6.73,overcast clouds
566,Kawalu,ID,2021-06-03 19:43:21,-7.3817,108.2082,74.48,96,100,0.58,overcast clouds
567,Kuusamo,FI,2021-06-03 19:43:21,65.9667,29.1833,66.24,39,0,3.44,clear sky
568,Yerbogachen,RU,2021-06-03 19:43:21,61.2767,108.0108,56.5,61,51,4.07,broken clouds
569,Evensk,RU,2021-06-03 19:43:22,61.95,159.2333,42.75,82,29,4.92,scattered clouds
570,Helmstedt,DE,2021-06-03 19:43:22,52.2279,11.0099,69.22,93,100,4.79,light rain
571,Alice Springs,AU,2021-06-03 19:43:22,-23.7,133.8833,53.15,71,90,8.52,overcast clouds
572,Chebarkul,RU,2021-06-03 19:43:23,54.9749,60.3633,49.26,92,89,5.46,overcast clouds
573,Zheleznodorozhnyy,RU,2021-06-03 19:43:23,55.7503,38.0042,61.32,77,15,6.33,few clouds
574,Morelia,MX,2021-06-03 19:41:32,19.7008,-101.1844,72.7,58,93,4.7,overcast clouds
575,Dillon,US,2021-06-03 19:43:23,34.4166,-79.3712,76.95,88,100,12.88,light rain
576,Hun,LY,2021-06-03 19:43:24,29.1268,15.9477,88.86,25,79,12.64,broken clouds
577,Cutro,IT,2021-06-03 19:43:24,39.0353,16.9819,61.86,59,0,5.03,clear sky
578,Alta Floresta,BR,2021-06-03 19:43:24,-9.8756,-56.0861,93.02,36,20,5.75,few clouds
579,Vernon,CA,2021-06-03 19:43:24,50.2581,-119.2691,90.14,23,100,1.99,overcast clouds
580,Thunder Bay,CA,2021-06-03 19:43:25,48.4001,-89.3168,71.58,60,75,6.91,broken clouds
581,Kieta,PG,2021-06-03 19:43:25,-6.2167,155.6333,78.85,82,100,2.89,overcast clouds
582,Oranjestad,AW,2021-06-03 19:43:25,12.524,-70.027,84.9,71,40,8.99,scattered clouds
583,Nadym,RU,2021-06-03 19:41:55,65.5333,72.5167,35.38,73,100,8.75,overcast clouds
584,Namwala,ZM,2021-06-03 19:43:26,-15.7504,26.4384,59.9,39,5,5.53,clear sky
585,Saravan,AM,2021-06-03 19:43:26,39.7196,45.6483,63.25,52,0,5.75,clear sky
586,Portland,US,2021-06-03 19:42:48,45.5234,-122.6762,82.53,53,20,1.01,few clouds
587,Mindif,CM,2021-06-03 19:43:26,10.3976,14.4363,94.24,29,1,6.62,clear sky
588,Amarpur,IN,2021-06-03 19:43:27,25.0333,86.9,89.42,45,6,5.73,clear sky
589,Lamar,US,2021-06-03 19:43:27,33.6668,-95.5836,84.63,49,1,4.79,clear sky
590,Caruray,PH,2021-06-03 19:43:27,10.3094,119.0128,80.01,87,100,4.52,overcast clouds
591,Morro Bay,US,2021-06-03 19:43:28,35.3658,-120.8499,94.39,55,25,5.99,scattered clouds
592,Savannah Bight,HN,2021-06-03 19:43:28,16.45,-85.85,87.85,80,49,22.26,scattered clouds
593,Canmore,CA,2021-06-03 19:43:28,51.0834,-115.3521,84.76,21,8,12.01,clear sky
594,Kedrovyy,RU,2021-06-03 19:43:29,56.1667,91.8167,57.61,97,100,6.58,light rain
595,Darnah,LY,2021-06-03 19:43:29,32.767,22.6367,68.56,66,0,9.19,clear sky
596,Abu Dhabi,AE,2021-06-03 19:42:04,24.4667,54.3667,89.71,84,0,8.7,clear sky
597,Bontang,ID,2021-06-03 19:43:29,0.1333,117.5,80.44,84,98,3.6,overcast clouds
598,Batagay,RU,2021-06-03 19:43:30,67.6333,134.6333,63.41,46,95,3.49,overcast clouds
599,Maniitsoq,GL,2021-06-03 19:43:30,65.4167,-52.9,35.96,73,100,13.02,overcast clouds
600,Ramanuj Ganj,IN,2021-06-03 19:43:30,23.8,83.7,84.42,47,44,3.09,scattered clouds
601,Vostok,RU,2021-06-03 19:43:31,46.4856,135.8833,47.84,98,100,4.16,heavy intensity rain
602,Chifeng,CN,2021-06-03 19:43:31,42.2683,118.9636,56.64,59,100,13.22,overcast clouds
603,Mabaruma,GY,2021-06-03 19:43:31,8.2,-59.7833,77.02,95,100,2.48,overcast clouds
604,Tocopilla,CL,2021-06-03 19:43:32,-22.092,-70.1979,67.12,71,94,3.15,overcast clouds
605,Radcliff,US,2021-06-03 19:43:32,37.8404,-85.9491,75.34,68,20,1.01,few clouds
606,Rawson,AR,2021-06-03 19:43:32,-43.3002,-65.1023,47.5,91,100,2.39,light rain
607,Soure,BR,2021-06-03 19:43:32,-0.7167,-48.5233,80.24,84,12,10.22,few clouds
608,Novichikha,RU,2021-06-03 19:43:33,52.204,81.3877,62.73,93,99,3.06,moderate rain
609,Raditsa-Krylovka,RU,2021-06-03 19:43:33,53.3171,34.3574,59.56,44,74,6.08,broken clouds
610,Wagar,SD,2021-06-03 19:43:33,16.1525,36.2032,97.36,17,38,1.81,scattered clouds
611,Mao,ES,2021-06-03 19:43:34,39.8885,4.2658,68.56,83,20,12.66,few clouds
612,Touros,BR,2021-06-03 19:43:34,-5.1989,-35.4608,83.3,70,6,14.79,clear sky
613,Nome,US,2021-06-03 19:43:34,64.5011,-165.4064,38.16,69,75,19.57,broken clouds
614,Mandalgovi,MN,2021-06-03 19:43:35,45.7625,106.2708,49.64,63,0,3.36,clear sky
615,Ilheus,BR,2021-06-03 19:43:35,-14.7889,-39.0494,82.22,69,20,9.22,few clouds
616,Olafsvik,IS,2021-06-03 19:43:35,64.8945,-23.7142,47.32,86,100,15.43,overcast clouds
617,Pontypool,GB,2021-06-03 19:43:35,51.7011,-3.0444,56.88,67,93,6.64,overcast clouds
618,Marysville,US,2021-06-03 19:43:36,48.0518,-122.1771,80.82,64,20,3.0,few clouds
619,Abu Samrah,SY,2021-06-03 19:43:36,35.3029,37.1841,66.61,56,0,8.25,clear sky
620,Tamandare,BR,2021-06-03 19:43:36,-8.7597,-35.1047,77.85,80,13,6.44,few clouds
621,Roald,NO,2021-06-03 19:43:37,62.5833,6.1333,72.52,55,0,8.05,clear sky
622,Tabas,IR,2021-06-03 19:43:37,33.5959,56.9244,98.33,5,0,8.34,clear sky
623,Parrita,CR,2021-06-03 19:43:37,9.5201,-84.3225,92.01,77,89,5.88,overcast clouds
624,Westport,US,2021-06-03 19:43:38,41.1415,-73.3579,73.27,91,90,1.01,mist
625,Takestan,IR,2021-06-03 19:39:13,36.0696,49.6959,73.53,59,0,7.25,clear sky
626,Tarakan,ID,2021-06-03 19:43:38,3.3,117.6333,81.21,80,48,4.9,scattered clouds
627,Egvekinot,RU,2021-06-03 19:43:38,66.3167,-179.1667,28.02,67,14,3.29,few clouds
628,Puro,PH,2021-06-03 19:43:38,12.4841,123.3827,82.36,80,97,10.02,overcast clouds
629,Huilong,CN,2021-06-03 19:43:39,31.8111,121.655,66.04,91,100,8.93,overcast clouds
630,Waddan,LY,2021-06-03 19:43:39,29.1614,16.139,88.03,26,72,16.2,broken clouds
631,Quartucciu,IT,2021-06-03 19:43:39,39.2519,9.1794,70.88,68,0,6.91,clear sky
632,Kimparana,ML,2021-06-03 19:43:40,12.8347,-4.9244,95.02,26,45,8.37,scattered clouds
633,Chateaubelair,VC,2021-06-03 19:43:40,13.2833,-61.25,84.81,83,75,10.71,broken clouds
634,Kobayashi,JP,2021-06-03 19:43:40,31.9833,130.9833,74.3,98,100,10.0,moderate rain
635,Jovellar,PH,2021-06-03 19:43:41,13.0695,123.5999,78.76,89,100,2.75,overcast clouds
636,Trang,TH,2021-06-03 19:43:41,7.5,99.5,76.37,97,63,1.19,broken clouds
637,Oyem,GA,2021-06-03 19:43:41,1.5995,11.5793,70.36,93,91,2.35,light rain
638,Tampilisan,PH,2021-06-03 19:43:42,8.0167,122.6833,74.73,93,89,1.41,overcast clouds
639,Weligama,LK,2021-06-03 19:43:42,5.9667,80.4167,79.0,88,99,12.1,overcast clouds
640,Sfantu Gheorghe,RO,2021-06-03 19:43:42,45.8667,25.7833,53.82,84,97,2.06,overcast clouds
641,Viedma,AR,2021-06-03 19:43:43,-40.8135,-62.9967,56.66,68,100,7.56,overcast clouds
642,Maketu,NZ,2021-06-03 19:43:43,-37.7667,176.45,47.05,79,37,4.34,scattered clouds
643,Maldonado,UY,2021-06-03 19:43:43,-34.6667,-54.9167,60.22,70,79,6.71,broken clouds
644,Ouadda,CF,2021-06-03 19:43:43,8.0777,22.4007,68.45,95,99,3.11,light rain
645,Agropoli,IT,2021-06-03 19:43:44,40.3469,14.9966,73.53,61,0,5.26,clear sky
646,Severo-Yeniseyskiy,RU,2021-06-03 19:43:44,60.3725,93.0408,43.0,78,100,3.42,overcast clouds
647,Liezen,AT,2021-06-03 19:43:44,47.5667,14.2333,66.52,88,17,5.39,few clouds
648,Camargo,MX,2021-06-03 19:43:45,27.6667,-105.1667,85.6,21,50,7.56,scattered clouds
649,Belaya Gora,RU,2021-06-03 19:43:45,68.5333,146.4167,63.36,32,69,11.05,broken clouds
650,Krasavino,RU,2021-06-03 19:43:45,60.9614,46.4814,49.24,74,3,4.47,clear sky
651,Kalabo,ZM,2021-06-03 19:43:45,-14.97,22.6814,57.15,35,32,6.96,scattered clouds
652,Birpur,IN,2021-06-03 19:43:46,26.5167,87.0167,84.02,54,0,5.77,clear sky
653,La Ronge,CA,2021-06-03 19:42:53,55.1001,-105.2842,68.25,60,90,0.0,overcast clouds
654,Ponta Delgada,PT,2021-06-03 19:43:46,37.7333,-25.6667,65.12,63,40,5.75,scattered clouds
655,Nelson Bay,AU,2021-06-03 19:43:46,-32.7167,152.15,58.08,82,34,3.0,scattered clouds
656,Tatarsk,RU,2021-06-03 19:43:47,55.219,75.9828,54.48,66,100,12.62,overcast clouds
657,Honavar,IN,2021-06-03 19:43:47,14.2833,74.45,80.31,87,100,5.53,light rain
658,Cortez,US,2021-06-03 19:43:47,37.3489,-108.5859,83.52,20,1,8.05,clear sky
659,Jiayuguan,CN,2021-06-03 19:43:48,39.8167,98.3,61.95,11,2,4.72,clear sky
660,Laja,CL,2021-06-03 19:43:48,-37.2667,-72.7,62.89,71,100,5.64,overcast clouds
661,Waipawa,NZ,2021-06-03 19:43:49,-41.4122,175.5153,53.02,90,28,5.08,scattered clouds
662,Pizarro,CO,2021-06-03 19:43:49,4.9533,-77.366,81.95,77,85,7.25,light rain
663,Salinas,US,2021-06-03 19:42:21,36.6777,-121.6555,78.82,63,20,11.5,few clouds
664,Amarante Do Maranhao,BR,2021-06-03 19:43:49,-5.5667,-46.7422,83.7,64,74,1.79,broken clouds
665,Dharmavaram,IN,2021-06-03 19:43:49,14.4333,77.7167,82.8,64,74,2.75,moderate rain
666,Fremont,US,2021-06-03 19:42:40,37.5483,-121.9886,89.11,55,1,5.99,clear sky
667,Kamaishi,JP,2021-06-03 19:43:50,39.2667,141.8833,63.18,90,100,19.77,moderate rain
668,Conakry,GN,2021-06-03 19:42:12,9.538,-13.6773,86.07,70,20,9.22,few clouds
669,Taguatinga,BR,2021-06-03 19:43:50,-12.3857,-46.5711,89.06,26,39,5.95,scattered clouds
670,Den Helder,NL,2021-06-03 19:43:51,52.9599,4.7593,65.98,88,90,7.0,mist
671,Masyaf,SY,2021-06-03 19:43:51,35.0653,36.3406,64.45,88,1,6.62,clear sky
672,Mlimba,TZ,2021-06-03 19:43:51,-8.8,35.8167,69.37,93,92,2.8,light rain
673,San Luis,AR,2021-06-03 19:43:52,-33.295,-66.3356,70.0,42,42,14.2,scattered clouds
674,Usinsk,RU,2021-06-03 19:43:52,65.9939,57.5281,45.95,81,11,14.27,few clouds
675,Alekseyevsk,RU,2021-06-03 19:43:52,57.8406,108.3492,58.33,49,4,3.71,clear sky
676,Popondetta,PG,2021-06-03 19:43:52,-8.7537,148.2534,74.01,95,100,2.48,overcast clouds
677,Paros,GR,2021-06-03 19:43:53,37.0833,25.15,71.31,55,0,2.3,clear sky
